assignment_no,title
AS001,Who Else Wants To Be Successful With COURSE
AS002,COURSE And Love - How They Are The Same
AS003,5 Reasons COURSE Is A Waste Of Time
AS004,Listen To Your Customers. They Will Tell You All About COURSE
AS005,3 Tips About COURSE You Can't Afford To Miss
AS006,3 Ways Twitter Destroyed My COURSE Without Me Noticing
AS007,Use COURSE To Make Someone Fall In Love With You
AS008,27 Ways To Improve COURSE
AS009,How To Win Friends And Influence People with COURSE
AS010,The Truth Is You Are Not The Only Person Concerned About COURSE
AS011,101 Ideas For COURSE
AS012,Why Most People Will Never Be Great At COURSE
AS013,Want More Money? Start COURSE
AS014,What Is COURSE and How Does It Work?
AS015,5 Brilliant Ways To Use COURSE
